{
  "name": "ns1:timeSeriesResponseType",
  "declaredType": "org.cuahsi.waterml.TimeSeriesResponseType",
  "scope": "javax.xml.bind.JAXBElement$GlobalScope",
  "value": {
    "queryInfo": {
      "creationTime": null,
      "queryURL": "http://waterservices.usgs.gov/nwis/iv/format=json&sites=01646500&parameterCd=00060,00065",
      "criteria": {
        "locationParam": "[ALL:01646500]",
        "variableParam": "[00060, 00065]",
        "timeParam": null,
        "parameter": [],
        "methodCalled": null
      },
      "note": [
        {
          "value": "[ALL:01646500]",
          "type": null,
          "href": null,
          "title": "filter:sites",
          "show": null
        },
        {
          "value": "[mode=LATEST, modifiedSince=null]",
          "type": null,
          "href": null,
          "title": "filter:timeRange",
          "show": null
        },
        {
          "value": "methodIds=[ALL]",
          "type": null,
          "href": null,
          "title": "filter:methodId",
          "show": null
        },
        {
          "value": "2016-02-08T01:39:40.165Z",
          "type": null,
          "href": null,
          "title": "requestDT",
          "show": null
        },
        {
          "value": "d1ea1c40-ce04-11e5-bfde-6cae8b6642ea",
          "type": null,
          "href": null,
          "title": "requestId",
          "show": null
        },
        {
          "value": "Provisional data are subject to revision. Go to http://waterdata.usgs.gov/nwis/help/?provisional for more information.",
          "type": null,
          "href": null,
          "title": "disclaimer",
          "show": null
        },
        {
          "value": "sdas01",
          "type": null,
          "href": null,
          "title": "server",
          "show": null
        }
      ],
      "extension": null
    },
    "timeSeries": [
      {
        "sourceInfo": {
          "siteName": "POTOMAC RIVER NEAR WASH, DC LITTLE FALLS PUMP STA",
          "siteCode": [
            {
              "value": "01646500",
              "network": "NWIS",
              "siteID": null,
              "agencyCode": "USGS",
              "agencyName": null,
              "default": null
            }
          ],
          "timeZoneInfo": {
            "defaultTimeZone": {
              "zoneOffset": "-05:00",
              "zoneAbbreviation": "EST"
            },
            "daylightSavingsTimeZone": {
              "zoneOffset": "-04:00",
              "zoneAbbreviation": "EDT"
            },
            "siteUsesDaylightSavingsTime": false
          },
          "geoLocation": {
            "geogLocation": {
              "srs": "EPSG:4326",
              "latitude": 38.94977778,
              "longitude": -77.12763889
            },
            "localSiteXY": []
          },
          "elevationM": null,
          "verticalDatum": null,
          "note": [],
          "extension": null,
          "altname": null,
          "siteType": [],
          "siteProperty": [
            {
              "value": "ST",
              "type": null,
              "name": "siteTypeCd",
              "uri": null
            },
            {
              "value": "02070008",
              "type": null,
              "name": "hucCd",
              "uri": null
            },
            {
              "value": "24",
              "type": null,
              "name": "stateCd",
              "uri": null
            },
            {
              "value": "24031",
              "type": null,
              "name": "countyCd",
              "uri": null
            }
          ],
          "oid": null,
          "metadataTime": null
        },
        "variable": {
          "variableCode": [
            {
              "value": "00060",
              "network": "NWIS",
              "vocabulary": "NWIS:UnitValues",
              "variableID": 45807197,
              "default": true
            }
          ],
          "variableName": "Streamflow, ft&#179;/s",
          "variableDescription": "Discharge, cubic feet per second",
          "valueType": "Derived Value",
          "dataType": null,
          "generalCategory": null,
          "sampleMedium": null,
          "unit": {
            "unitName": null,
            "unitDescription": null,
            "unitType": null,
            "unitAbbreviation": "ft3/s",
            "unitCode": null,
            "unitID": null
          },
          "options": {
            "option": [
              {
                "value": null,
                "name": "Statistic",
                "optionID": null,
                "optionCode": "00011"
              }
            ]
          },
          "note": [],
          "related": null,
          "extension": null,
          "noDataValue": -999999.0,
          "timeScale": null,
          "speciation": null,
          "categories": null,
          "variableProperty": [],
          "oid": "45807197",
          "metadataTime": null
        },
        "values": [
          {
            "value": [
              {
                "value": "44900",
                "dateTimeAccuracyCd": null,
                "qualifiers": [
                  "P"
                ],
                "censorCode": null,
                "dateTime": "2016-02-07T19:45:00.000-05:00",
                "timeOffset": null,
                "dateTimeUTC": null,
                "methodID": null,
                "sourceID": null,
                "accuracyStdDev": null,
                "sampleID": null,
                "methodCode": null,
                "sourceCode": null,
                "labSampleCode": null,
                "offsetValue": null,
                "offsetTypeID": null,
                "offsetTypeCode": null,
                "codedVocabulary": null,
                "codedVocabularyTerm": null,
                "qualityControlLevelCode": null,
                "metadataTime": null,
                "oid": null
              }
            ],
            "units": null,
            "qualifier": [
              {
                "qualifierCode": "P",
                "qualifierDescription": "Provisional data subject to revision.",
                "qualifierID": 0,
                "network": "NWIS",
                "vocabulary": "uv_rmk_cd",
                "default": null
              }
            ],
            "qualityControlLevel": [],
            "method": [
              {
                "methodCode": null,
                "methodDescription": "",
                "methodLink": null,
                "methodID": 1
              }
            ],
            "source": [],
            "offset": [],
            "sample": [],
            "censorCode": []
          }
        ],
        "name": "USGS:01646500:00060:00011"
      },
      {
        "sourceInfo": {
          "siteName": "POTOMAC RIVER NEAR WASH, DC LITTLE FALLS PUMP STA",
          "siteCode": [
            {
              "value": "01646500",
              "network": "NWIS",
              "siteID": null,
              "agencyCode": "USGS",
              "agencyName": null,
              "default": null
            }
          ],
          "timeZoneInfo": {
            "defaultTimeZone": {
              "zoneOffset": "-05:00",
              "zoneAbbreviation": "EST"
            },
            "daylightSavingsTimeZone": {
              "zoneOffset": "-04:00",
              "zoneAbbreviation": "EDT"
            },
            "siteUsesDaylightSavingsTime": false
          },
          "geoLocation": {
            "geogLocation": {
              "srs": "EPSG:4326",
              "latitude": 38.94977778,
              "longitude": -77.12763889
            },
            "localSiteXY": []
          },
          "elevationM": null,
          "verticalDatum": null,
          "note": [],
          "extension": null,
          "altname": null,
          "siteType": [],
          "siteProperty": [
            {
              "value": "ST",
              "type": null,
              "name": "siteTypeCd",
              "uri": null
            },
            {
              "value": "02070008",
              "type": null,
              "name": "hucCd",
              "uri": null
            },
            {
              "value": "24",
              "type": null,
              "name": "stateCd",
              "uri": null
            },
            {
              "value": "24031",
              "type": null,
              "name": "countyCd",
              "uri": null
            }
          ],
          "oid": null,
          "metadataTime": null
        },
        "variable": {
          "variableCode": [
            {
              "value": "00065",
              "network": "NWIS",
              "vocabulary": "NWIS:UnitValues",
              "variableID": 45807202,
              "default": true
            }
          ],
          "variableName": "Gage height, ft",
          "variableDescription": "Gage height, feet",
          "valueType": "Derived Value",
          "dataType": null,
          "generalCategory": null,
          "sampleMedium": null,
          "unit": {
            "unitName": null,
            "unitDescription": null,
            "unitType": null,
            "unitAbbreviation": "ft",
            "unitCode": null,
            "unitID": null
          },
          "options": {
            "option": [
              {
                "value": null,
                "name": "Statistic",
                "optionID": null,
                "optionCode": "00011"
              }
            ]
          },
          "note": [],
          "related": null,
          "extension": null,
          "noDataValue": -999999.0,
          "timeScale": null,
          "speciation": null,
          "categories": null,
          "variableProperty": [],
          "oid": "45807202",
          "metadataTime": null
        },
        "values": [
          {
            "value": [
              {
                "value": "6.45",
                "dateTimeAccuracyCd": null,
                "qualifiers": [
                  "P"
                ],
                "censorCode": null,
                "dateTime": "2016-02-07T19:45:00.000-05:00",
                "timeOffset": null,
                "dateTimeUTC": null,
                "methodID": null,
                "sourceID": null,
                "accuracyStdDev": null,
                "sampleID": null,
                "methodCode": null,
                "sourceCode": null,
                "labSampleCode": null,
                "offsetValue": null,
                "offsetTypeID": null,
                "offsetTypeCode": null,
                "codedVocabulary": null,
                "codedVocabularyTerm": null,
                "qualityControlLevelCode": null,
                "metadataTime": null,
                "oid": null
              }
            ],
            "units": null,
            "qualifier": [
              {
                "qualifierCode": "P",
                "qualifierDescription": "Provisional data subject to revision.",
                "qualifierID": 0,
                "network": "NWIS",
                "vocabulary": "uv_rmk_cd",
                "default": null
              }
            ],
            "qualityControlLevel": [],
            "method": [
              {
                "methodCode": null,
                "methodDescription": "",
                "methodLink": null,
                "methodID": 2
              }
            ],
            "source": [],
            "offset": [],
            "sample": [],
            "censorCode": []
          }
        ],
        "name": "USGS:01646500:00065:00011"
      }
    ]
  },
  "nil": false,
  "globalScope": true,
  "typeSubstituted": false
}